1e-06,0,1.1,0
2.99998e-06,0,1.1,0
5.9999e-06,0,1.09999,0
9.9997e-06,0,1.09999,0
1.49993e-05,0,1.09999,0
2.09986e-05,0,1.09998,0
2.79975e-05,0,1.09997,0
3.59958e-05,0,1.09996,0
4.49934e-05,0,1.09996,0
5.49901e-05,0,1.09995,0
6.59857e-05,0,1.09993,0
7.798e-05,0,1.09992,0
9.09727e-05,0,1.09991,0
0.000104964,0,1.0999,0
0.000119952,0,1.09988,0
0.000135939,0,1.09986,0
0.000152922,0,1.09985,0
0.000170903,0,1.09983,0
0.00018988,0,1.09981,0
0.000209854,0,1.09979,0
0.000230823,0,1.09977,0
0.000252788,0,1.09975,0
0.000275747,0,1.09972,0
0.000299701,0,1.0997,0
0.000324649,0,1.09968,0
0.000350591,0,1.09965,0
0.000377525,0,1.09962,0
0.000405452,0,1.09959,0
0.000434371,0,1.09957,0
0.000464281,0,1.09954,0
0.000495182,0,1.0995,0
0.000527073,0,1.09947,0
0.000559954,0,1.09944,0
0.000593823,0,1.09941,0
0.00062868,0,1.09937,0
0.000664525,0,1.09934,0
0.000701357,0,1.0993,0
0.000739174,0,1.09926,0
0.000777977,0,1.09922,0
0.000817764,0,1.09918,0
0.000858535,0,1.09914,0
0.000900288,0,1.0991,0
0.000943024,0,1.09906,0
0.000986741,0,1.09901,0
0.00103144,0,1.09897,0
0.00107711,0,1.09892,0
0.00112377,0,1.09888,0
0.0011714,0,1.09883,0
0.00122001,0,1.09878,0
0.00126959,0,1.09873,0
0.00132015,0,1.09868,0
0.00137169,0,1.09863,0
0.00142419,0,1.09858,0
0.00147767,0,1.09852,0
0.00153212,0,1.09847,0
0.00158753,0,1.09841,0
0.00164392,0,1.09836,0
0.00170127,0,1.0983,0
0.00175959,0,1.09824,0
0.00181887,0,1.09818,0
0.00187912,0,1.09812,0
0.00194033,0,1.09806,0
0.0020025,0,1.098,0
0.00206563,0,1.09793,0
0.00212971,0,1.09787,0
0.00219476,0,1.09781,0
0.00226076,0,1.09774,0
0.00232772,0,1.09767,0
0.00239563,0,1.0976,0
0.00246449,0,1.09754,0
0.00253431,0,1.09747,0
0.00260507,0,1.09739,0
0.00267678,0,1.09732,0
0.00274944,0,1.09725,0
0.00282304,0,1.09718,0
0.00289758,0,1.0971,0
0.00297307,0,1.09703,0
0.0030495,0,1.09695,0
0.00312686,0,1.09687,0
0.00320517,0,1.09679,0
0.00328441,0,1.09672,0
0.00336458,0,1.09664,0
0.00344569,0,1.09655,0
0.00352773,0,1.09647,0
0.0036107,0,1.09639,0
0.00369459,0,1.09631,0
0.00377942,0,1.09622,0
0.00386516,0,1.09613,0
0.00395183,0,1.09605,0
0.00403942,0,1.09596,0
0.00412793,0,1.09587,0
0.00421736,0,1.09578,0
0.0043077,0,1.09569,0
0.00439895,0,1.0956,0
0.00449112,0,1.09551,0
0.0045842,0,1.09542,0
0.00467819,0,1.09532,0
0.00477308,0,1.09523,0
0.00486888,0,1.09513,0
0.00496558,0,1.09503,0
0.00506318,0,1.09494,0
0.00516168,0,1.09484,0
0.00526108,0,1.09474,0
0.00536137,0,1.09464,0
0.00546255,0,1.09454,0
0.00556462,0,1.09444,0
0.00566759,0,1.09433,0
0.00577144,0,1.09423,0
0.00587617,0,1.09412,0
0.00598179,0,1.09402,0
0.00608829,0,1.09391,0
0.00619566,0,1.0938,0
0.00630391,0,1.0937,0
0.00641304,0,1.09359,0
0.00652304,0,1.09348,0
0.0066339,0,1.09337,0
0.00674564,0,1.09325,0
0.00685824,0,1.09314,0
0.0069717,0,1.09303,0
0.00708602,0,1.09291,0
0.0072012,0,1.0928,0
0.00731724,0,1.09268,0
0.00743413,0,1.09257,0
0.00755187,0,1.09245,0
0.00767046,0,1.09233,0
0.0077899,0,1.09221,0
0.00791018,0,1.09209,0
0.00803131,0,1.09197,0
0.00815327,0,1.09185,0
0.00827607,0,1.09172,0
0.0083997,0,1.0916,0
0.00852417,0,1.09148,0
0.00864947,0,1.09135,0
0.00877559,0,1.09122,0
0.00890254,0,1.0911,0
0.00903031,0,1.09097,0
0.00915889,0,1.09084,0
0.0092883,0,1.09071,0
0.00941852,0,1.09058,0
0.00954955,0,1.09045,0
0.00968139,0,1.09032,0
0.00981404,0,1.09019,0
0.00994749,0,1.09005,0
0.0100817,0,1.08992,0
0.0102168,0,1.08978,0
0.0103526,0,1.08965,0
0.0104893,0,1.08951,0
0.0106267,0,1.08937,0
0.0107649,0,1.08924,0
0.0109039,0,1.0891,0
0.0110437,0,1.08896,0
0.0111843,0,1.08882,0
0.0113256,0,1.08867,0
0.0114677,0,1.08853,0
0.0116106,0,1.08839,0
0.0117542,0,1.08825,0
0.0118987,0,1.0881,0
0.0120438,0,1.08796,0
0.0121898,0,1.08781,0
0.0123365,0,1.08766,0
0.0124839,0,1.08752,0
0.0126321,0,1.08737,0
0.0127811,0,1.08722,0
0.0129307,0,1.08707,0
0.0130812,0,1.08692,0
0.0132323,0,1.08677,0
0.0133842,0,1.08662,0
0.0135369,0,1.08646,0
0.0136902,0,1.08631,0
0.0138443,0,1.08616,0
0.0139991,0,1.086,0
0.0141547,0,1.08585,0
0.0143109,0,1.08569,0
0.0144679,0,1.08553,0
0.0146256,0,1.08537,0
0.014784,0,1.08522,0
0.014943,0,1.08506,0
0.0151028,0,1.0849,0
0.0152633,0,1.08474,0
0.0154245,0,1.08458,0
0.0155864,0,1.08441,0
0.0157489,0,1.08425,0
0.0159122,0,1.08409,0
0.0160761,0,1.08392,0
0.0162407,0,1.08376,0
0.016406,0,1.08359,0
0.0165719,0,1.08343,0
0.0167386,0,1.08326,0
0.0169058,0,1.08309,0
0.0170738,0,1.08293,0
0.0172424,0,1.08276,0
0.0174117,0,1.08259,0
0.0175816,0,1.08242,0
0.0177521,0,1.08225,0
0.0179233,0,1.08208,0
0.0180952,0,1.0819,0
0.0182677,0,1.08173,0
0.0184408,0,1.08156,0
0.0186146,0,1.08139,0
0.0187889,0,1.08121,0
0.0189639,0,1.08104,0
0.0191396,0,1.08086,0
0.0193158,0,1.08068,0
0.0194927,0,1.08051,0
0.0196701,0,1.08033,0
0.0198482,0,1.08015,0
0.0200269,0,1.07997,0
0.0202062,0,1.07979,0
0.020386,0,1.07961,0
0.0205665,0,1.07943,0
0.0207475,0,1.07925,0
0.0209292,0,1.07907,0
0.0211114,0,1.07889,0
0.0212942,0,1.07871,0
0.0214776,0,1.07852,0
0.0216615,0,1.07834,0
0.021846,0,1.07815,0
0.0220311,0,1.07797,0
0.0222167,0,1.07778,0
0.0224029,0,1.0776,0
0.0225896,0,1.07741,0
0.0227769,0,1.07722,0
0.0229648,0,1.07704,0
0.0231531,0,1.07685,0
0.023342,0,1.07666,0
0.0235315,0,1.07647,0
0.0237215,0,1.07628,0
0.0239119,0,1.07609,0
0.024103,0,1.0759,0
0.0242945,0,1.07571,0
0.0244866,0,1.07551,0
0.0246791,0,1.07532,0
0.0248722,0,1.07513,0
0.0250657,0,1.07493,0
0.0252598,0,1.07474,0
0.0254544,0,1.07455,0
0.0256494,0,1.07435,0
0.025845,0,1.07416,0
0.026041,0,1.07396,0
0.0262375,0,1.07376,0
0.0264345,0,1.07357,0
0.0266319,0,1.07337,0
0.0268298,0,1.07317,0
0.0270282,0,1.07297,0
0.0272271,0,1.07277,0
0.0274264,0,1.07257,0
0.0276261,0,1.07237,0
0.0278263,0,1.07217,0
0.0280269,0,1.07197,0
0.028228,0,1.07177,0
0.0284295,0,1.07157,0
0.0286315,0,1.07137,0
0.0288338,0,1.07117,0
0.0290366,0,1.07096,0
0.0292399,0,1.07076,0
0.0294435,0,1.07056,0
0.0296475,0,1.07035,0
0.029852,0,1.07015,0
0.0300568,0,1.06994,0
0.0302621,0,1.06974,0
0.0304677,0,1.06953,0
0.0306738,0,1.06933,0
0.0308802,0,1.06912,0
0.031087,0,1.06891,0
0.0312942,0,1.06871,0
0.0315017,0,1.0685,0
0.0317096,0,1.06829,0
0.0319179,0,1.06808,0
0.0321266,0,1.06787,0
0.0323356,0,1.06766,0
0.032545,0,1.06746,0
0.0327547,0,1.06725,0
0.0329647,0,1.06704,0
0.0331751,0,1.06682,0
0.0333859,0,1.06661,0
0.0335969,0,1.0664,0
0.0338083,0,1.06619,0
0.03402,0,1.06598,0
0.0342321,0,1.06577,0
0.0344444,0,1.06556,0
0.0346571,0,1.06534,0
0.0348701,0,1.06513,0
0.0350834,0,1.06492,0
0.0352969,0,1.0647,0
0.0355108,0,1.06449,0
0.035725,0,1.06428,0
0.0359394,0,1.06406,0
0.0361541,0,1.06385,0
0.0363691,0,1.06363,0
0.0365844,0,1.06342,0
0.0367999,0,1.0632,0
0.0370157,0,1.06298,0
0.0372318,0,1.06277,0
0.0374481,0,1.06255,0
0.0376647,0,1.06234,0
0.0378815,0,1.06212,0
0.0380986,0,1.0619,0
0.0383159,0,1.06168,0
0.0385334,0,1.06147,0
0.0387512,0,1.06125,0
0.0389692,0,1.06103,0
0.0391874,0,1.06081,0
0.0394058,0,1.06059,0
0.0396244,0,1.06038,0
0.0398433,0,1.06016,0
0.0400623,0,1.05994,0
0.0402816,0,1.05972,0
0.040501,0,1.0595,0
0.0407206,0,1.05928,0
0.0409404,0,1.05906,0
0.0411604,0,1.05884,0
0.0413806,0,1.05862,0
0.041601,0,1.0584,0
0.0418215,0,1.05818,0
0.0420422,0,1.05796,0
0.042263,0,1.05774,0
0.042484,0,1.05752,0
0.0427051,0,1.05729,0
0.0429264,0,1.05707,0
0.0431478,0,1.05685,0
0.0433694,0,1.05663,0
0.0435911,0,1.05641,0
0.0438129,0,1.05619,0
0.0440349,0,1.05597,0
0.0442569,0,1.05574,0
0.0444791,0,1.05552,0
0.0447014,0,1.0553,0
0.0449238,0,1.05508,0
0.0451463,0,1.05485,0
0.0453689,0,1.05463,0
0.0455916,0,1.05441,0
0.0458144,0,1.05419,0
0.0460373,0,1.05396,0
0.0462602,0,1.05374,0
0.0464832,0,1.05352,0
0.0467063,0,1.05329,0
0.0469295,0,1.05307,0
0.0471527,0,1.05285,0
0.047376,0,1.05262,0
0.0475993,0,1.0524,0
0.0478227,0,1.05218,0
0.0480461,0,1.05195,0
0.0482695,0,1.05173,0
0.048493,0,1.05151,0
0.0487165,0,1.05128,0
0.0489401,0,1.05106,0
0.0491636,0,1.05084,0
0.0493872,0,1.05061,0
0.0496108,0,1.05039,0
0.0498344,0,1.05017,0
0.050058,0,1.04994,0
0.0502816,0,1.04972,0
0.0505052,0,1.04949,0
0.0507288,0,1.04927,0
0.0509524,0,1.04905,0
0.051176,0,1.04882,0
0.0513995,0,1.0486,0
0.051623,0,1.04838,0
0.0518465,0,1.04815,0
0.0520699,0,1.04793,0
0.0522933,0,1.04771,0
0.0525167,0,1.04748,0
0.05274,0,1.04726,0
0.0529632,0,1.04704,0
0.0531864,0,1.04681,0
0.0534095,0,1.04659,0
0.0536326,0,1.04637,0
0.0538555,0,1.04614,0
0.0540784,0,1.04592,0
0.0543013,0,1.0457,0
0.054524,0,1.04548,0
0.0547466,0,1.04525,0
0.0549692,0,1.04503,0
0.0551916,0,1.04481,0
0.055414,0,1.04459,0
0.0556362,0,1.04436,0
0.0558583,0,1.04414,0
0.0560804,0,1.04392,0
0.0563022,0,1.0437,0
0.056524,0,1.04348,0
0.0567456,0,1.04325,0
0.0569671,0,1.04303,0
0.0571885,0,1.04281,0
0.0574097,0,1.04259,0
0.0576308,0,1.04237,0
0.0578517,0,1.04215,0
0.0580724,0,1.04193,0
0.058293,0,1.04171,0
0.0585134,0,1.04149,0
0.0587337,0,1.04127,0
0.0589538,0,1.04105,0
0.0591737,0,1.04083,0
0.0593934,0,1.04061,0
0.0596129,0,1.04039,0
0.0598323,0,1.04017,0
0.0600514,0,1.03995,0
0.0602704,0,1.03973,0
0.0604891,0,1.03951,0
0.0607076,0,1.03929,0
0.0609259,0,1.03907,0
0.061144,0,1.03886,0
0.0613619,0,1.03864,0
0.0615795,0,1.03842,0
0.061797,0,1.0382,0
0.0620141,0,1.03799,0
0.0622311,0,1.03777,0
0.0624478,0,1.03755,0
0.0626642,0,1.03734,0
0.0628804,0,1.03712,0
0.0630963,0,1.0369,0
0.063312,0,1.03669,0
0.0635274,0,1.03647,0
0.0637425,0,1.03626,0
0.0639574,0,1.03604,0
0.064172,0,1.03583,0
0.0643863,0,1.03561,0
0.0646003,0,1.0354,0
0.064814,0,1.03519,0
0.0650274,0,1.03497,0
0.0652405,0,1.03476,0
0.0654533,0,1.03455,0
0.0656658,0,1.03433,0
0.065878,0,1.03412,0
0.0660899,0,1.03391,0
0.0663014,0,1.0337,0
0.0665127,0,1.03349,0
0.0667236,0,1.03328,0
0.0669341,0,1.03307,0
0.0671444,0,1.03286,0
0.0673542,0,1.03265,0
0.0675638,0,1.03244,0
0.0677729,0,1.03223,0
0.0679818,0,1.03202,0
0.0681902,0,1.03181,0
0.0683983,0,1.0316,0
0.0686061,0,1.03139,0
0.0688134,0,1.03119,0
0.0690204,0,1.03098,0
0.069227,0,1.03077,0
0.0694333,0,1.03057,0
0.0696391,0,1.03036,0
0.0698445,0,1.03016,0
0.0700496,0,1.02995,0
0.0702542,0,1.02975,0
0.0704584,0,1.02954,0
0.0706623,0,1.02934,0
0.0708657,0,1.02913,0
0.0710687,0,1.02893,0
0.0712713,0,1.02873,0
0.0714734,0,1.02853,0
0.0716751,0,1.02832,0
0.0718764,0,1.02812,0
0.0720773,0,1.02792,0
0.0722777,0,1.02772,0
0.0724776,0,1.02752,0
0.0726771,0,1.02732,0
0.0728762,0,1.02712,0
0.0730748,0,1.02693,0
0.073273,0,1.02673,0
0.0734706,0,1.02653,0
0.0736678,0,1.02633,0
0.0738646,0,1.02614,0
0.0740608,0,1.02594,0
0.0742566,0,1.02574,0
0.0744519,0,1.02555,0
0.0746467,0,1.02535,0
0.074841,0,1.02516,0
0.0750348,0,1.02497,0
0.0752281,0,1.02477,0
0.0754209,0,1.02458,0
0.0756132,0,1.02439,0
0.075805,0,1.0242,0
0.0759963,0,1.024,0
0.076187,0,1.02381,0
0.0763772,0,1.02362,0
0.0765669,0,1.02343,0
0.0767561,0,1.02324,0
0.0769447,0,1.02306,0
0.0771328,0,1.02287,0
0.0773204,0,1.02268,0
0.0775074,0,1.02249,0
0.0776938,0,1.02231,0
0.0778797,0,1.02212,0
0.0780651,0,1.02193,0
0.0782498,0,1.02175,0
0.078434,0,1.02157,0
0.0786177,0,1.02138,0
0.0788008,0,1.0212,0
0.0789833,0,1.02102,0
0.0791652,0,1.02083,0
0.0793465,0,1.02065,0
0.0795273,0,1.02047,0
0.0797074,0,1.02029,0
0.079887,0,1.02011,0
0.0800659,0,1.01993,0
0.0802443,0,1.01976,0
0.0804221,0,1.01958,0
0.0805992,0,1.0194,0
0.0807758,0,1.01922,0
0.0809517,0,1.01905,0
0.081127,0,1.01887,0
0.0813017,0,1.0187,0
0.0814757,0,1.01852,0
0.0816491,0,1.01835,0
0.0818219,0,1.01818,0
0.0819941,0,1.01801,0
0.0821656,0,1.01783,0
0.0823365,0,1.01766,0
0.0825067,0,1.01749,0
0.0826763,0,1.01732,0
0.0828452,0,1.01715,0
0.0830135,0,1.01699,0
0.0831811,0,1.01682,0
0.083348,0,1.01665,0
0.0835143,0,1.01649,0
0.0836799,0,1.01632,0
0.0838448,0,1.01616,0
0.0840091,0,1.01599,0
0.0841727,0,1.01583,0
0.0843355,0,1.01566,0
0.0844978,0,1.0155,0
0.0846593,0,1.01534,0
0.0848201,0,1.01518,0
0.0849802,0,1.01502,0
0.0851396,0,1.01486,0
0.0852984,0,1.0147,0
0.0854564,0,1.01454,0
0.0856137,0,1.01439,0
0.0857703,0,1.01423,0
0.0859262,0,1.01407,0
0.0860813,0,1.01392,0
0.0862357,0,1.01376,0
0.0863895,0,1.01361,0
0.0865425,0,1.01346,0
0.0866947,0,1.01331,0
0.0868462,0,1.01315,0
0.086997,0,1.013,0
0.0871471,0,1.01285,0
0.0872964,0,1.0127,0
0.0874449,0,1.01256,0
0.0875927,0,1.01241,0
0.0877398,0,1.01226,0
0.0878861,0,1.01211,0
0.0880316,0,1.01197,0
0.0881764,0,1.01182,0
0.0883204,0,1.01168,0
0.0884637,0,1.01154,0
0.0886062,0,1.01139,0
0.0887479,0,1.01125,0
0.0888888,0,1.01111,0
0.089029,0,1.01097,0
0.0891683,0,1.01083,0
0.0893069,0,1.01069,0
0.0894447,0,1.01056,0
0.0895818,0,1.01042,0
0.089718,0,1.01028,0
0.0898534,0,1.01015,0
0.0899881,0,1.01001,0
0.0901219,0,1.00988,0
0.0902549,0,1.00975,0
0.0903871,0,1.00961,0
0.0905186,0,1.00948,0
0.0906492,0,1.00935,0
0.090779,0,1.00922,0
0.090908,0,1.00909,0
0.0910361,0,1.00896,0
0.0911635,0,1.00884,0
0.09129,0,1.00871,0
0.0914157,0,1.00858,0
0.0915405,0,1.00846,0
0.0916646,0,1.00834,0
0.0917878,0,1.00821,0
0.0919101,0,1.00809,0
0.0920317,0,1.00797,0
0.0921524,0,1.00785,0
0.0922722,0,1.00773,0
0.0923912,0,1.00761,0
0.0925094,0,1.00749,0
0.0926267,0,1.00737,0
0.0927431,0,1.00726,0
0.0928587,0,1.00714,0
0.0929734,0,1.00703,0
0.0930873,0,1.00691,0
0.0932003,0,1.0068,0
0.0933125,0,1.00669,0
0.0934238,0,1.00658,0
0.0935342,0,1.00647,0
0.0936437,0,1.00636,0
0.0937524,0,1.00625,0
0.0938602,0,1.00614,0
0.0939671,0,1.00603,0
0.0940731,0,1.00593,0
0.0941783,0,1.00582,0
0.0942826,0,1.00572,0
0.094386,0,1.00561,0
0.0944885,0,1.00551,0
0.0945901,0,1.00541,0
0.0946908,0,1.00531,0
0.0947906,0,1.00521,0
0.0948896,0,1.00511,0
0.0949876,0,1.00501,0
0.0950847,0,1.00492,0
0.095181,0,1.00482,0
0.0952763,0,1.00472,0
0.0953707,0,1.00463,0
0.0954642,0,1.00454,0
0.0955568,0,1.00444,0
0.0956485,0,1.00435,0
0.0957393,0,1.00426,0
0.0958292,0,1.00417,0
0.0959181,0,1.00408,0
0.0960062,0,1.00399,0
0.0960933,0,1.00391,0
0.0961795,0,1.00382,0
0.0962647,0,1.00374,0
0.0963491,0,1.00365,0
0.0964325,0,1.00357,0
0.096515,0,1.00349,0
0.0965965,0,1.0034,0
0.0966772,0,1.00332,0
0.0967568,0,1.00324,0
0.0968356,0,1.00316,0
0.0969134,0,1.00309,0
0.0969903,0,1.00301,0
0.0970662,0,1.00293,0
0.0971412,0,1.00286,0
0.0972153,0,1.00278,0
0.0972884,0,1.00271,0
0.0973606,0,1.00264,0
0.0974318,0,1.00257,0
0.0975021,0,1.0025,0
0.0975714,0,1.00243,0
0.0976397,0,1.00236,0
0.0977072,0,1.00229,0
0.0977736,0,1.00223,0
0.0978391,0,1.00216,0
0.0979037,0,1.0021,0
0.0979673,0,1.00203,0
0.0980299,0,1.00197,0
0.0980916,0,1.00191,0
0.0981523,0,1.00185,0
0.098212,0,1.00179,0
0.0982708,0,1.00173,0
0.0983286,0,1.00167,0
0.0983855,0,1.00161,0
0.0984414,0,1.00156,0
0.0984963,0,1.0015,0
0.0985502,0,1.00145,0
0.0986032,0,1.0014,0
0.0986552,0,1.00134,0
0.0987062,0,1.00129,0
0.0987563,0,1.00124,0
0.0988053,0,1.00119,0
0.0988534,0,1.00115,0
0.0989006,0,1.0011,0
0.0989467,0,1.00105,0
0.0989919,0,1.00101,0
0.0990361,0,1.00096,0
0.0990793,0,1.00092,0
0.0991215,0,1.00088,0
0.0991628,0,1.00084,0
0.099203,0,1.0008,0
0.0992423,0,1.00076,0
0.0992806,0,1.00072,0
0.0993179,0,1.00068,0
0.0993542,0,1.00065,0
0.0993895,0,1.00061,0
0.0994239,0,1.00058,0
0.0994572,0,1.00054,0
0.0994896,0,1.00051,0
0.099521,0,1.00048,0
0.0995514,0,1.00045,0
0.0995808,0,1.00042,0
0.0996092,0,1.00039,0
0.0996366,0,1.00036,0
0.099663,0,1.00034,0
0.0996884,0,1.00031,0
0.0997129,0,1.00029,0
0.0997363,0,1.00026,0
0.0997587,0,1.00024,0
0.0997802,0,1.00022,0
0.0998006,0,1.0002,0
0.0998201,0,1.00018,0
0.0998386,0,1.00016,0
0.099856,0,1.00014,0
0.0998725,0,1.00013,0
0.099888,0,1.00011,0
0.0999024,0,1.0001,0
0.0999159,0,1.00008,0
0.0999284,0,1.00007,0
0.0999398,0,1.00006,0
0.0999503,0,1.00005,0
0.0999598,0,1.00004,0
0.0999683,0,1.00003,0
0.0999758,0,1.00002,0
0.0999822,0,1.00002,0
0.0999877,0,1.00001,0
0.0999922,0,1.00001,0
0.0999957,0,1,0
0.0999982,0,1,0
0.0999996,0,1,0
0.1,0,1,0
0.0999996,0,1,0
0.0999981,0,1,0
0.0999956,0,1,0
0.099992,0,1.00001,0
0.0999875,0,1.00001,0
0.099982,0,1.00002,0
0.0999755,0,1.00002,0
0.099968,0,1.00003,0
0.0999595,0,1.00004,0
0.0999499,0,1.00005,0
0.0999394,0,1.00006,0
0.0999279,0,1.00007,0
0.0999154,0,1.00008,0
0.0999019,0,1.0001,0
0.0998874,0,1.00011,0
0.0998719,0,1.00013,0
0.0998554,0,1.00014,0
0.0998379,0,1.00016,0
0.0998194,0,1.00018,0
0.0997999,0,1.0002,0
0.0997794,0,1.00022,0
0.0997579,0,1.00024,0
0.0997354,0,1.00026,0
0.0997119,0,1.00029,0
0.0996875,0,1.00031,0
0.099662,0,1.00034,0
0.0996356,0,1.00036,0
0.0996081,0,1.00039,0
0.0995797,0,1.00042,0
0.0995502,0,1.00045,0
0.0995198,0,1.00048,0
0.0994884,0,1.00051,0
0.099456,0,1.00054,0
0.0994226,0,1.00058,0
0.0993882,0,1.00061,0
0.0993528,0,1.00065,0
0.0993165,0,1.00068,0
0.0992791,0,1.00072,0
0.0992408,0,1.00076,0
0.0992015,0,1.0008,0
0.0991612,0,1.00084,0
0.0991199,0,1.00088,0
0.0990776,0,1.00092,0
0.0990344,0,1.00097,0
0.0989902,0,1.00101,0
0.098945,0,1.00106,0
0.0988988,0,1.0011,0
0.0988516,0,1.00115,0
0.0988035,0,1.0012,0
0.0987544,0,1.00125,0
0.0987043,0,1.0013,0
0.0986532,0,1.00135,0
0.0986012,0,1.0014,0
0.0985482,0,1.00145,0
0.0984942,0,1.00151,0
0.0984392,0,1.00156,0
0.0983833,0,1.00162,0
0.0983264,0,1.00167,0
0.0982686,0,1.00173,0
0.0982098,0,1.00179,0
0.09815,0,1.00185,0
0.0980892,0,1.00191,0
0.0980275,0,1.00197,0
0.0979649,0,1.00204,0
0.0979012,0,1.0021,0
0.0978366,0,1.00216,0
0.0977711,0,1.00223,0
0.0977046,0,1.0023,0
0.0976371,0,1.00236,0
0.0975687,0,1.00243,0
0.0974994,0,1.0025,0
0.0974291,0,1.00257,0
0.0973578,0,1.00264,0
0.0972856,0,1.00271,0
0.0972125,0,1.00279,0
0.0971384,0,1.00286,0
0.0970633,0,1.00294,0
0.0969874,0,1.00301,0
0.0969105,0,1.00309,0
0.0968326,0,1.00317,0
0.0967538,0,1.00325,0
0.0966741,0,1.00333,0
0.0965934,0,1.00341,0
0.0965118,0,1.00349,0
0.0964293,0,1.00357,0
0.0963459,0,1.00365,0
0.0962615,0,1.00374,0
0.0961762,0,1.00382,0
0.09609,0,1.00391,0
0.0960028,0,1.004,0
0.0959147,0,1.00409,0
0.0958258,0,1.00417,0
0.0957359,0,1.00426,0
0.095645,0,1.00435,0
0.0955533,0,1.00445,0
0.0954607,0,1.00454,0
0.0953671,0,1.00463,0
0.0952727,0,1.00473,0
0.0951773,0,1.00482,0
0.095081,0,1.00492,0
0.0949839,0,1.00502,0
0.0948858,0,1.00511,0
0.0947868,0,1.00521,0
0.094687,0,1.00531,0
0.0945862,0,1.00541,0
0.0944846,0,1.00552,0
0.094382,0,1.00562,0
0.0942786,0,1.00572,0
0.0941743,0,1.00583,0
0.0940691,0,1.00593,0
0.093963,0,1.00604,0
0.0938561,0,1.00614,0
0.0937483,0,1.00625,0
0.0936395,0,1.00636,0
0.09353,0,1.00647,0
0.0934195,0,1.00658,0
0.0933082,0,1.00669,0
0.093196,0,1.0068,0
0.093083,0,1.00692,0
0.0929691,0,1.00703,0
0.0928543,0,1.00715,0
0.0927387,0,1.00726,0
0.0926222,0,1.00738,0
0.0925049,0,1.0075,0
0.0923867,0,1.00761,0
0.0922676,0,1.00773,0
0.0921478,0,1.00785,0
0.092027,0,1.00797,0
0.0919055,0,1.00809,0
0.0917831,0,1.00822,0
0.0916599,0,1.00834,0
0.0915358,0,1.00846,0
0.0914109,0,1.00859,0
0.0912852,0,1.00871,0
0.0911586,0,1.00884,0
0.0910312,0,1.00897,0
0.090903,0,1.0091,0
0.090774,0,1.00923,0
0.0906442,0,1.00936,0
0.0905136,0,1.00949,0
0.0903821,0,1.00962,0
0.0902498,0,1.00975,0
0.0901168,0,1.00988,0
0.0899829,0,1.01002,0
0.0898483,0,1.01015,0
0.0897128,0,1.01029,0
0.0895765,0,1.01042,0
0.0894395,0,1.01056,0
0.0893016,0,1.0107,0
0.089163,0,1.01084,0
0.0890236,0,1.01098,0
0.0888834,0,1.01112,0
0.0887425,0,1.01126,0
0.0886007,0,1.0114,0
0.0884582,0,1.01154,0
0.0883149,0,1.01169,0
0.0881709,0,1.01183,0
0.0880261,0,1.01197,0
0.0878805,0,1.01212,0
0.0877342,0,1.01227,0
0.0875871,0,1.01241,0
0.0874392,0,1.01256,0
0.0872907,0,1.01271,0
0.0871413,0,1.01286,0
0.0869913,0,1.01301,0
0.0868404,0,1.01316,0
0.0866889,0,1.01331,0
0.0865366,0,1.01346,0
0.0863836,0,1.01362,0
0.0862299,0,1.01377,0
0.0860754,0,1.01392,0
0.0859202,0,1.01408,0
0.0857643,0,1.01424,0
0.0856077,0,1.01439,0
0.0854503,0,1.01455,0
0.0852923,0,1.01471,0
0.0851336,0,1.01487,0
0.0849741,0,1.01503,0
0.084814,0,1.01519,0
0.0846531,0,1.01535,0
0.0844916,0,1.01551,0
0.0843293,0,1.01567,0
0.0841664,0,1.01583,0
0.0840028,0,1.016,0
0.0838385,0,1.01616,0
0.0836736,0,1.01633,0
0.083508,0,1.01649,0
0.0833416,0,1.01666,0
0.0831747,0,1.01683,0
0.0830071,0,1.01699,0
0.0828388,0,1.01716,0
0.0826698,0,1.01733,0
0.0825002,0,1.0175,0
0.08233,0,1.01767,0
0.0821591,0,1.01784,0
0.0819875,0,1.01801,0
0.0818153,0,1.01818,0
0.0816425,0,1.01836,0
0.0814691,0,1.01853,0
0.081295,0,1.01871,0
0.0811203,0,1.01888,0
0.080945,0,1.01906,0
0.080769,0,1.01923,0
0.0805925,0,1.01941,0
0.0804153,0,1.01958,0
0.0802375,0,1.01976,0
0.0800591,0,1.01994,0
0.0798801,0,1.02012,0
0.0797005,0,1.0203,0
0.0795204,0,1.02048,0
0.0793396,0,1.02066,0
0.0791582,0,1.02084,0
0.0789763,0,1.02102,0
0.0787938,0,1.02121,0
0.0786107,0,1.02139,0
0.078427,0,1.02157,0
0.0782428,0,1.02176,0
0.078058,0,1.02194,0
0.0778726,0,1.02213,0
0.0776867,0,1.02231,0
0.0775002,0,1.0225,0
0.0773132,0,1.02269,0
0.0771256,0,1.02287,0
0.0769375,0,1.02306,0
0.0767489,0,1.02325,0
0.0765597,0,1.02344,0
0.07637,0,1.02363,0
0.0761797,0,1.02382,0
0.075989,0,1.02401,0
0.0757977,0,1.0242,0
0.0756059,0,1.02439,0
0.0754135,0,1.02459,0
0.0752207,0,1.02478,0
0.0750274,0,1.02497,0
0.0748336,0,1.02517,0
0.0746392,0,1.02536,0
0.0744444,0,1.02556,0
0.0742491,0,1.02575,0
0.0740533,0,1.02595,0
0.0738571,0,1.02614,0
0.0736603,0,1.02634,0
0.0734631,0,1.02654,0
0.0732654,0,1.02673,0
0.0730672,0,1.02693,0
0.0728686,0,1.02713,0
0.0726695,0,1.02733,0
0.07247,0,1.02753,0
0.07227,0,1.02773,0
0.0720696,0,1.02793,0
0.0718687,0,1.02813,0
0.0716674,0,1.02833,0
0.0714657,0,1.02853,0
0.0712635,0,1.02874,0
0.0710609,0,1.02894,0
0.0708579,0,1.02914,0
0.0706545,0,1.02935,0
0.0704506,0,1.02955,0
0.0702464,0,1.02975,0
0.0700417,0,1.02996,0
0.0698367,0,1.03016,0
0.0696312,0,1.03037,0
0.0694254,0,1.03057,0
0.0692191,0,1.03078,0
0.0690125,0,1.03099,0
0.0688055,0,1.03119,0
0.0685981,0,1.0314,0
0.0683904,0,1.03161,0
0.0681823,0,1.03182,0
0.0679738,0,1.03203,0
0.067765,0,1.03224,0
0.0675558,0,1.03244,0
0.0673462,0,1.03265,0
0.0671363,0,1.03286,0
0.0669261,0,1.03307,0
0.0667155,0,1.03328,0
0.0665046,0,1.0335,0
0.0662934,0,1.03371,0
0.0660818,0,1.03392,0
0.0658699,0,1.03413,0
0.0656577,0,1.03434,0
0.0654452,0,1.03455,0
0.0652324,0,1.03477,0
0.0650192,0,1.03498,0
0.0648058,0,1.03519,0
0.0645921,0,1.03541,0
0.0643781,0,1.03562,0
0.0641638,0,1.03584,0
0.0639492,0,1.03605,0
0.0637343,0,1.03627,0
0.0635192,0,1.03648,0
0.0633037,0,1.0367,0
0.0630881,0,1.03691,0
0.0628721,0,1.03713,0
0.0626559,0,1.03734,0
0.0624395,0,1.03756,0
0.0622228,0,1.03778,0
0.0620058,0,1.03799,0
0.0617886,0,1.03821,0
